{
    "avgMaxResp": {
        "avg": 312997,
        "stdDev": 137806.54805015615
    },
    "avgMaxTps": {
        "avg": 12292.222222222223,
        "stdDev": 777.8077811673296
    },
    "avgMinResp": {
        "avg": 312997,
        "stdDev": 137806.54805015615
    },
    "avgTpsResults": {
        "avgSetResults": {
            "stdDevAvgs": 31.651826566566417,
            "combStdDev": 148.80770494449357,
            "avgAvgs": 524.9722222222222
        },
        "avgGetResults": {
            "stdDevAvgs": 601.1298672430667,
            "combStdDev": 2903.8387570797804,
            "avgAvgs": 9963.611111111111
        },
        "avgBothResults": {
            "stdDevAvgs": 632.7796669869855,
            "combStdDev": 3051.875180943103,
            "avgAvgs": 10488.590740740741
        }
    },
    "avgMinTps": {
        "avg": 5235.333333333333,
        "stdDev": 468.8144622342617
    },
    "avgRespResults": {
        "avgSetResults": {
            "stdDevAvgs": 1187.2987111036985,
            "combStdDev": 17416.22828642467,
            "avgAvgs": 8061.301851851851
        },
        "avgGetResults": {
            "stdDevAvgs": 389.48262065965224,
            "combStdDev": 5263.913673910713,
            "avgAvgs": 6834.3175925925925
        },
        "avgBothResults": {
            "stdDevAvgs": 426.0643110141761,
            "combStdDev": 5742.897885883364,
            "avgAvgs": 6897.970370370371
        }
    }
}