{
    "avgMaxResp": {
        "avg": 992297.4083333333,
        "stdDev": 357674.1998925109
    },
    "avgMaxTps": {
        "avg": 11268.7,
        "stdDev": 5503.333436895047
    },
    "avgMinResp": {
        "avg": 992297.4083333333,
        "stdDev": 357674.1998925109
    },
    "avgTpsResults": {
        "avgSetResults": null,
        "avgGetResults": {
            "stdDevAvgs": 3607.587713919437,
            "combStdDev": 12433.21542436632,
            "avgAvgs": 7284.964444444445
        },
        "avgBothResults": {
            "stdDevAvgs": 3607.589465098586,
            "combStdDev": 12433.25711196173,
            "avgAvgs": 7284.9662499999995
        }
    },
    "avgMinTps": {
        "avg": 2790.0833333333335,
        "stdDev": 2133.578957870504
    },
    "avgRespResults": {
        "avgSetResults": null,
        "avgGetResults": {
            "stdDevAvgs": 23592.474013658055,
            "combStdDev": 285749.4005766578,
            "avgAvgs": 20356.080694444445
        },
        "avgBothResults": {
            "stdDevAvgs": 23590.017061433966,
            "combStdDev": 285764.7330667809,
            "avgAvgs": 20353.630069444444
        }
    }
}