{
    "avgMaxResp": {
        "avg": 829321.7222222222,
        "stdDev": 153304.825749917
    },
    "avgMaxTps": {
        "avg": 12240.388888888889,
        "stdDev": 972.5180257751094
    },
    "avgMinResp": {
        "avg": 829321.7222222222,
        "stdDev": 153304.825749917
    },
    "avgTpsResults": {
        "avgSetResults": {
            "stdDevAvgs": 374.214303013263,
            "combStdDev": 272.39888446887403,
            "avgAvgs": 536.2564814814815
        },
        "avgGetResults": {
            "stdDevAvgs": 1024.4547011031686,
            "combStdDev": 3998.7201049440328,
            "avgAvgs": 9791.52314814815
        },
        "avgBothResults": {
            "stdDevAvgs": 821.6424447679776,
            "combStdDev": 4222.7228364063085,
            "avgAvgs": 10327.77962962963
        }
    },
    "avgMinTps": {
        "avg": 4759.222222222223,
        "stdDev": 1325.6588841493813
    },
    "avgRespResults": {
        "avgSetResults": {
            "stdDevAvgs": 1778.727054379219,
            "combStdDev": 44042.56505149597,
            "avgAvgs": 8548.521296296296
        },
        "avgGetResults": {
            "stdDevAvgs": 586.5339032824572,
            "combStdDev": 10762.590512267283,
            "avgAvgs": 7022.887500000001
        },
        "avgBothResults": {
            "stdDevAvgs": 657.0013405207624,
            "combStdDev": 11230.9227721808,
            "avgAvgs": 7079.2555555555555
        }
    }
}