{
    "avgMaxResp": {
        "avg": 1426113,
        "stdDev": 0
    },
    "avgMaxTps": {
        "avg": 21871,
        "stdDev": 0
    },
    "avgMinResp": {
        "avg": 1426113,
        "stdDev": 0
    },
    "avgTpsResults": {
        "avgSetResults": {
            "stdDevAvgs": 0,
            "combStdDev": 10.46806612736043,
            "avgAvgs": 120.57388888888889
        },
        "avgGetResults": {
            "stdDevAvgs": 0,
            "combStdDev": 960.0715220659832,
            "avgAvgs": 11935.345277777778
        },
        "avgBothResults": {
            "stdDevAvgs": 0,
            "combStdDev": 969.9459330287738,
            "avgAvgs": 12055.919166666667
        }
    },
    "avgMinTps": {
        "avg": 78,
        "stdDev": 0
    },
    "avgRespResults": {
        "avgSetResults": {
            "stdDevAvgs": 0,
            "combStdDev": 11452.540579983859,
            "avgAvgs": 9406.65425925926
        },
        "avgGetResults": {
            "stdDevAvgs": 0,
            "combStdDev": 22173.176069395013,
            "avgAvgs": 9261.204166666666
        },
        "avgBothResults": {
            "stdDevAvgs": 0,
            "combStdDev": 22174.70858157719,
            "avgAvgs": 9264.92861111111
        }
    }
}